{
  "playlists": [
    {
      "name": "My Playlist #9",
      "lastModifiedDate": "2022-07-30",
      "items": [
      ],
      "description": null,
      "numberOfFollowers": 0
    },
    {
      "name": "slee",
      "lastModifiedDate": "2022-06-01",
      "items": [
        {
          "track": {
            "trackName": "Sunsetz",
            "artistName": "Cigarettes After Sex",
            "albumName": "Cigarettes After Sex",
            "trackUri": "spotify:track:0SpkyS1Q4MD8GaVcP5YjT4"
          },
          "episode": null,
          "localTrack": null,
          "addedDate": "2022-06-01"
        },
        {
          "track": {
            "trackName": "Sweet",
            "artistName": "Cigarettes After Sex",
            "albumName": "Cigarettes After Sex",
            "trackUri": "spotify:track:6ilc4vQcwMPlvAHFfsTGng"
          },
          "episode": null,
          "localTrack": null,
          "addedDate": "2022-06-01"
        },
        {
          "track": {
            "trackName": "Crush",
            "artistName": "Cigarettes After Sex",
            "albumName": "Crush",
            "trackUri": "spotify:track:4WfV1CNg91SBp8oG0VY0VB"
          },
          "episode": null,
          "localTrack": null,
          "addedDate": "2022-06-01"
        }
      ],
      "description": null,
      "numberOfFollowers": 0
    },
    {
      "name": "My Playlist #7",
      "lastModifiedDate": "2022-05-17",
      "items": [
      ],
      "description": null,
      "numberOfFollowers": 0
    },
    {
      "name": "My Playlist #6",
      "lastModifiedDate": "2022-05-10",
      "items": [
      ],
      "description": null,
      "numberOfFollowers": 0
    },
    {
      "name": "My Playlist #5",
      "lastModifiedDate": "2022-01-13",
      "items": [
      ],
      "description": null,
      "numberOfFollowers": 0
    },
    {
      "name": "My Playlist #4",
      "lastModifiedDate": "2021-12-10",
      "items": [
      ],
      "description": null,
      "numberOfFollowers": 0
    },
    {
      "name": "CodeMusic",
      "lastModifiedDate": "2022-01-14",
      "items": [
        {
          "track": {
            "trackName": "That's All She Wrote",
            "artistName": "T.I.",
            "albumName": "No Mercy",
            "trackUri": "spotify:track:6XAA7T9VHcqKQSzjmXAJ8o"
          },
          "episode": null,
          "localTrack": null,
          "addedDate": "2021-12-09"
        },
        {
          "track": {
            "trackName": "Sunflower - Spider-Man: Into the Spider-Verse",
            "artistName": "Post Malone",
            "albumName": "Spider-Man: Into the Spider-Verse",
            "trackUri": "spotify:track:3KkXRkHbMCARz0aVfEt68P"
          },
          "episode": null,
          "localTrack": null,
          "addedDate": "2021-12-09"
        },
        {
          "track": {
            "trackName": "Naturally",
            "artistName": "Selena Gomez & The Scene",
            "albumName": "Love You Like A Love Song, Come & Get It, and More",
            "trackUri": "spotify:track:2PMB9WWqAVhYcbMMjbG1He"
          },
          "episode": null,
          "localTrack": null,
          "addedDate": "2021-12-09"
        },
        {
          "track": {
            "trackName": "One Right Now (with The Weeknd)",
            "artistName": "Post Malone",
            "albumName": "One Right Now",
            "trackUri": "spotify:track:00Blm7zeNqgYLPtW6zg8cj"
          },
          "episode": null,
          "localTrack": null,
          "addedDate": "2021-12-09"
        },
        {
          "track": {
            "trackName": "Moth To A Flame (with The Weeknd)",
            "artistName": "Swedish House Mafia",
            "albumName": "Moth To A Flame",
            "trackUri": "spotify:track:2gpWyfu7eZ01zzncHpxOtA"
          },
          "episode": null,
          "localTrack": null,
          "addedDate": "2021-12-09"
        },
        {
          "track": {
            "trackName": "The Hills",
            "artistName": "The Weeknd",
            "albumName": "Beauty Behind The Madness",
            "trackUri": "spotify:track:7fBv7CLKzipRk6EC6TWHOB"
          },
          "episode": null,
          "localTrack": null,
          "addedDate": "2021-12-09"
        },
        {
          "track": {
            "trackName": "I'm a Mess",
            "artistName": "Bebe Rexha",
            "albumName": "Expectations",
            "trackUri": "spotify:track:04ZTP5KsCypmtCmQg5tH9R"
          },
          "episode": null,
          "localTrack": null,
          "addedDate": "2021-12-10"
        },
        {
          "track": {
            "trackName": "Guns Blazing (feat. Dr. Dre & Sly Pyper)",
            "artistName": "Eminem",
            "albumName": "Music To Be Murdered By - Side B",
            "trackUri": "spotify:track:3WpHqtFUwzIQBsV9YC5iNc"
          },
          "episode": null,
          "localTrack": null,
          "addedDate": "2022-01-14"
        },
        {
          "track": {
            "trackName": "Crack A Bottle",
            "artistName": "Eminem",
            "albumName": "Relapse: Refill",
            "trackUri": "spotify:track:4dK00wCxlqWEeN8BoM1BHT"
          },
          "episode": null,
          "localTrack": null,
          "addedDate": "2022-01-14"
        },
        {
          "track": {
            "trackName": "Renegades",
            "artistName": "X Ambassadors",
            "albumName": "VHS",
            "trackUri": "spotify:track:0fYVliAYKHuPmECRs1pbRf"
          },
          "episode": null,
          "localTrack": null,
          "addedDate": "2022-01-14"
        },
        {
          "track": {
            "trackName": "Crack A Bottle",
            "artistName": "Eminem",
            "albumName": "Relapse: Refill",
            "trackUri": "spotify:track:4dK00wCxlqWEeN8BoM1BHT"
          },
          "episode": null,
          "localTrack": null,
          "addedDate": "2022-01-14"
        },
        {
          "track": {
            "trackName": "Sorry",
            "artistName": "Halsey",
            "albumName": "hopeless fountain kingdom",
            "trackUri": "spotify:track:2DyCLtTrd9f2DRRDq1ngJx"
          },
          "episode": null,
          "localTrack": null,
          "addedDate": "2022-01-14"
        },
        {
          "track": {
            "trackName": "Water - From The Original Television Soundtrack Blade Runner Black Lotus",
            "artistName": "X Ambassadors",
            "albumName": "Water",
            "trackUri": "spotify:track:4IDwJJkYVZQ7GaIGjtDx0J"
          },
          "episode": null,
          "localTrack": null,
          "addedDate": "2022-01-14"
        },
        {
          "track": {
            "trackName": "Water Under the Bridge",
            "artistName": "Adele",
            "albumName": "25",
            "trackUri": "spotify:track:4vb4mFvYsr2h6enhjJsq9Y"
          },
          "episode": null,
          "localTrack": null,
          "addedDate": "2022-01-14"
        },
        {
          "track": {
            "trackName": "Killshot",
            "artistName": "Eminem",
            "albumName": "Killshot",
            "trackUri": "spotify:track:1jo3TwNGCXfNdB5uba3ZVv"
          },
          "episode": null,
          "localTrack": null,
          "addedDate": "2022-01-14"
        },
        {
          "track": {
            "trackName": "Can I Get It",
            "artistName": "Adele",
            "albumName": "30",
            "trackUri": "spotify:track:6w8ZPYdnGajyfPddTWdthN"
          },
          "episode": null,
          "localTrack": null,
          "addedDate": "2022-01-14"
        }
      ],
      "description": null,
      "numberOfFollowers": 0
    },
    {
      "name": "My Playlist #2",
      "lastModifiedDate": "2021-07-15",
      "items": [
      ],
      "description": null,
      "numberOfFollowers": 0
    },
    {
      "name": "mine",
      "lastModifiedDate": "2021-08-03",
      "items": [
        {
          "track": {
            "trackName": "Homicide (feat. Eminem)",
            "artistName": "Logic",
            "albumName": "Confessions of a Dangerous Mind",
            "trackUri": "spotify:track:7M2tXmeS15NAzEn7ABFeBg"
          },
          "episode": null,
          "localTrack": null,
          "addedDate": "2020-07-05"
        },
        {
          "track": {
            "trackName": "Isis (feat. Logic)",
            "artistName": "Joyner Lucas",
            "albumName": "ADHD",
            "trackUri": "spotify:track:4h7qcXBtaOJnmrapxoWxGf"
          },
          "episode": null,
          "localTrack": null,
          "addedDate": "2021-02-22"
        },
        {
          "track": {
            "trackName": "Killshot",
            "artistName": "Eminem",
            "albumName": "Killshot",
            "trackUri": "spotify:track:1jo3TwNGCXfNdB5uba3ZVv"
          },
          "episode": null,
          "localTrack": null,
          "addedDate": "2021-02-22"
        },
        {
          "track": {
            "trackName": "When I Grow Up",
            "artistName": "NF",
            "albumName": "The Search",
            "trackUri": "spotify:track:5rLyYxZNzca00ENADO9m54"
          },
          "episode": null,
          "localTrack": null,
          "addedDate": "2021-02-22"
        }
      ],
      "description": null,
      "numberOfFollowers": 0
    }
  ]
}