[
  {
    "platform" : "LINUX_X86_64",
    "searchTime" : "2022-06-07T16:56:26.296Z[UTC]",
    "searchQuery" : "You Can Be The Boss",
    "searchInteractionURIs" : [
    ]
  },
  {
    "platform" : "LINUX_X86_64",
    "searchTime" : "2022-06-07T16:57:58.421Z[UTC]",
    "searchQuery" : "heroi",
    "searchInteractionURIs" : [
    ]
  },
  {
    "platform" : "LINUX_X86_64",
    "searchTime" : "2022-06-07T16:58:11.010Z[UTC]",
    "searchQuery" : "off",
    "searchInteractionURIs" : [
    ]
  },
  {
    "platform" : "ANDROID_ARM",
    "searchTime" : "2022-06-08T07:22:12.635Z[UTC]",
    "searchQuery" : "you ",
    "searchInteractionURIs" : [
    ]
  },
  {
    "platform" : "ANDROID",
    "searchTime" : "2022-06-08T07:22:15.542Z[UTC]",
    "searchQuery" : "you can be ",
    "searchInteractionURIs" : [
      "spotify:episode:5HJ6DRYJO3edyFfOqsqt86"
    ]
  },
  {
    "platform" : "ANDROID",
    "searchTime" : "2022-06-10T07:28:27.114Z[UTC]",
    "searchQuery" : "you can be",
    "searchInteractionURIs" : [
      "spotify:track:1HlDPF869jSLFzA7jkIAQS"
    ]
  },
  {
    "platform" : "LINUX_X86_64",
    "searchTime" : "2022-06-10T16:57:41.045Z[UTC]",
    "searchQuery" : "mount",
    "searchInteractionURIs" : [
    ]
  },
  {
    "platform" : "LINUX_X86_64",
    "searchTime" : "2022-06-10T16:57:44.995Z[UTC]",
    "searchQuery" : "mountain d",
    "searchInteractionURIs" : [
    ]
  },
  {
    "platform" : "LINUX_X86_64",
    "searchTime" : "2022-06-11T08:58:01.129Z[UTC]",
    "searchQuery" : "another",
    "searchInteractionURIs" : [
    ]
  },
  {
    "platform" : "",
    "searchTime" : "2022-06-13T00:11:33.261Z[UTC]",
    "searchQuery" : "s",
    "searchInteractionURIs" : [
    ]
  },
  {
    "platform" : "",
    "searchTime" : "2022-06-13T00:11:34.472Z[UTC]",
    "searchQuery" : "si",
    "searchInteractionURIs" : [
    ]
  },
  {
    "platform" : "",
    "searchTime" : "2022-06-13T00:11:38.611Z[UTC]",
    "searchQuery" : "sik",
    "searchInteractionURIs" : [
    ]
  },
  {
    "platform" : "",
    "searchTime" : "2022-06-13T00:11:40.264Z[UTC]",
    "searchQuery" : "sikr",
    "searchInteractionURIs" : [
    ]
  },
  {
    "platform" : "",
    "searchTime" : "2022-06-13T00:11:41.380Z[UTC]",
    "searchQuery" : "sikrn",
    "searchInteractionURIs" : [
    ]
  },
  {
    "platform" : "",
    "searchTime" : "2022-06-13T00:11:42.488Z[UTC]",
    "searchQuery" : "sikrnt",
    "searchInteractionURIs" : [
    ]
  },
  {
    "platform" : "ANDROID_ARM",
    "searchTime" : "2022-06-13T00:11:42.579Z[UTC]",
    "searchQuery" : "sikrnt",
    "searchInteractionURIs" : [
    ]
  },
  {
    "platform" : "",
    "searchTime" : "2022-06-13T00:11:43.494Z[UTC]",
    "searchQuery" : "silent",
    "searchInteractionURIs" : [
    ]
  },
  {
    "platform" : "",
    "searchTime" : "2022-06-13T00:11:43.600Z[UTC]",
    "searchQuery" : "silent",
    "searchInteractionURIs" : [
    ]
  },
  {
    "platform" : "ANDROID",
    "searchTime" : "2022-06-13T00:11:43.951Z[UTC]",
    "searchQuery" : "silent",
    "searchInteractionURIs" : [
      "spotify:track:3lzUeaCbcCDB5IXYfqWRlF"
    ]
  },
  {
    "platform" : "ANDROID",
    "searchTime" : "2022-06-13T05:48:02.757Z[UTC]",
    "searchQuery" : "kana",
    "searchInteractionURIs" : [
      "spotify:artist:00FQb4jTyendYWaN8pK0wa"
    ]
  },
  {
    "platform" : "ANDROID",
    "searchTime" : "2022-06-13T05:49:47.582Z[UTC]",
    "searchQuery" : "oceans",
    "searchInteractionURIs" : [
      "spotify:track:5eXnC2B5RU5fAhfwvV2ABD"
    ]
  },
  {
    "platform" : "ANDROID",
    "searchTime" : "2022-06-13T08:29:28.689Z[UTC]",
    "searchQuery" : "ocean",
    "searchInteractionURIs" : [
      "spotify:track:5eXnC2B5RU5fAhfwvV2ABD",
      "spotify:track:5eXnC2B5RU5fAhfwvV2ABD"
    ]
  },
  {
    "platform" : "ANDROID_ARM",
    "searchTime" : "2022-06-13T08:29:29.256Z[UTC]",
    "searchQuery" : "oce",
    "searchInteractionURIs" : [
    ]
  },
  {
    "platform" : "LINUX_X86_64",
    "searchTime" : "2022-06-14T12:03:55.495Z[UTC]",
    "searchQuery" : "50 s",
    "searchInteractionURIs" : [
    ]
  },
  {
    "platform" : "LINUX_X86_64",
    "searchTime" : "2022-06-14T12:03:55.857Z[UTC]",
    "searchQuery" : "50 sh",
    "searchInteractionURIs" : [
    ]
  },
  {
    "platform" : "LINUX_X86_64",
    "searchTime" : "2022-06-14T12:03:57.417Z[UTC]",
    "searchQuery" : "50 shades ",
    "searchInteractionURIs" : [
    ]
  },
  {
    "platform" : "LINUX_X86_64",
    "searchTime" : "2022-06-14T12:04:02.066Z[UTC]",
    "searchQuery" : "50 shades of gre",
    "searchInteractionURIs" : [
    ]
  },
  {
    "platform" : "LINUX_X86_64",
    "searchTime" : "2022-06-14T12:04:02.387Z[UTC]",
    "searchQuery" : "50 shades of grey",
    "searchInteractionURIs" : [
    ]
  },
  {
    "platform" : "LINUX_X86_64",
    "searchTime" : "2022-06-14T12:06:55.502Z[UTC]",
    "searchQuery" : "50 shades of ",
    "searchInteractionURIs" : [
    ]
  },
  {
    "platform" : "ANDROID",
    "searchTime" : "2022-06-16T06:44:37.165Z[UTC]",
    "searchQuery" : "diet",
    "searchInteractionURIs" : [
      "spotify:track:2vtmY2mSccRzKGjtcHSzI3",
      "spotify:artist:00FQb4jTyendYWaN8pK0wa"
    ]
  },
  {
    "platform" : "LINUX_X86_64",
    "searchTime" : "2022-06-17T17:42:39.702Z[UTC]",
    "searchQuery" : "mad",
    "searchInteractionURIs" : [
    ]
  },
  {
    "platform" : "LINUX_X86_64",
    "searchTime" : "2022-06-20T21:16:03.746Z[UTC]",
    "searchQuery" : "c",
    "searchInteractionURIs" : [
    ]
  },
  {
    "platform" : "LINUX_X86_64",
    "searchTime" : "2022-06-20T21:16:03.815Z[UTC]",
    "searchQuery" : "c",
    "searchInteractionURIs" : [
    ]
  },
  {
    "platform" : "ANDROID_ARM",
    "searchTime" : "2022-06-20T22:37:09.880Z[UTC]",
    "searchQuery" : "yeah you oh ",
    "searchInteractionURIs" : [
    ]
  },
  {
    "platform" : "ANDROID",
    "searchTime" : "2022-06-20T22:37:10.790Z[UTC]",
    "searchQuery" : "yeah you oh y",
    "searchInteractionURIs" : [
      "spotify:playlist:4uQK0VMuIb3czjtNYQADfp"
    ]
  },
  {
    "platform" : "ANDROID_ARM",
    "searchTime" : "2022-06-20T23:04:10.111Z[UTC]",
    "searchQuery" : "sa",
    "searchInteractionURIs" : [
    ]
  },
  {
    "platform" : "ANDROID",
    "searchTime" : "2022-06-20T23:04:14.447Z[UTC]",
    "searchQuery" : "say it",
    "searchInteractionURIs" : [
      "spotify:track:2aI21FnmY7TJVKeMaoQZ0t"
    ]
  },
  {
    "platform" : "LINUX_X86_64",
    "searchTime" : "2022-06-21T10:45:50.107Z[UTC]",
    "searchQuery" : "k",
    "searchInteractionURIs" : [
    ]
  },
  {
    "platform" : "LINUX_X86_64",
    "searchTime" : "2022-06-21T13:16:37.614Z[UTC]",
    "searchQuery" : "cas",
    "searchInteractionURIs" : [
    ]
  },
  {
    "platform" : "LINUX_X86_64",
    "searchTime" : "2022-06-28T21:15:39.368Z[UTC]",
    "searchQuery" : "za",
    "searchInteractionURIs" : [
    ]
  },
  {
    "platform" : "LINUX_X86_64",
    "searchTime" : "2022-07-02T12:38:00.059Z[UTC]",
    "searchQuery" : "m",
    "searchInteractionURIs" : [
    ]
  },
  {
    "platform" : "LINUX_X86_64",
    "searchTime" : "2022-07-02T12:38:01.432Z[UTC]",
    "searchQuery" : "me m",
    "searchInteractionURIs" : [
    ]
  },
  {
    "platform" : "LINUX_X86_64",
    "searchTime" : "2022-07-02T12:38:01.899Z[UTC]",
    "searchQuery" : "me my",
    "searchInteractionURIs" : [
    ]
  },
  {
    "platform" : "LINUX_X86_64",
    "searchTime" : "2022-07-02T14:53:19.700Z[UTC]",
    "searchQuery" : "fairy",
    "searchInteractionURIs" : [
    ]
  },
  {
    "platform" : "LINUX_X86_64",
    "searchTime" : "2022-07-02T14:56:06.025Z[UTC]",
    "searchQuery" : "b",
    "searchInteractionURIs" : [
    ]
  },
  {
    "platform" : "LINUX_X86_64",
    "searchTime" : "2022-07-02T14:56:06.809Z[UTC]",
    "searchQuery" : "btd",
    "searchInteractionURIs" : [
    ]
  },
  {
    "platform" : "LINUX_X86_64",
    "searchTime" : "2022-07-03T18:19:30.829Z[UTC]",
    "searchQuery" : "fi",
    "searchInteractionURIs" : [
    ]
  },
  {
    "platform" : "ANDROID",
    "searchTime" : "2022-07-06T09:06:28.595Z[UTC]",
    "searchQuery" : "b",
    "searchInteractionURIs" : [
      "spotify:artist:6qqNVTkY8uBg9cP3Jd7DAH"
    ]
  },
  {
    "platform" : "ANDROID",
    "searchTime" : "2022-07-07T04:20:53.453Z[UTC]",
    "searchQuery" : "im alive",
    "searchInteractionURIs" : [
      "spotify:track:25R5Tdr4K7ENb6umHzdCXn",
      "spotify:track:25R5Tdr4K7ENb6umHzdCXn"
    ]
  },
  {
    "platform" : "ANDROID",
    "searchTime" : "2022-07-11T19:19:01.876Z[UTC]",
    "searchQuery" : "beli",
    "searchInteractionURIs" : [
      "spotify:track:0pqnGHJpmpxLKifKRmU6WP"
    ]
  },
  {
    "platform" : "LINUX_X86_64",
    "searchTime" : "2022-07-14T18:45:22.989Z[UTC]",
    "searchQuery" : "chill ",
    "searchInteractionURIs" : [
    ]
  },
  {
    "platform" : "LINUX_X86_64",
    "searchTime" : "2022-07-14T18:45:24.290Z[UTC]",
    "searchQuery" : "chill gui",
    "searchInteractionURIs" : [
    ]
  },
  {
    "platform" : "LINUX_X86_64",
    "searchTime" : "2022-07-14T18:45:24.675Z[UTC]",
    "searchQuery" : "chill guita",
    "searchInteractionURIs" : [
    ]
  },
  {
    "platform" : "LINUX_X86_64",
    "searchTime" : "2022-07-16T12:37:18.098Z[UTC]",
    "searchQuery" : "t",
    "searchInteractionURIs" : [
    ]
  },
  {
    "platform" : "LINUX_X86_64",
    "searchTime" : "2022-07-16T12:37:19.666Z[UTC]",
    "searchQuery" : "tayl",
    "searchInteractionURIs" : [
    ]
  },
  {
    "platform" : "LINUX_X86_64",
    "searchTime" : "2022-07-16T13:19:28.720Z[UTC]",
    "searchQuery" : "what is lo",
    "searchInteractionURIs" : [
    ]
  },
  {
    "platform" : "LINUX_X86_64",
    "searchTime" : "2022-07-16T13:20:01.227Z[UTC]",
    "searchQuery" : "w",
    "searchInteractionURIs" : [
    ]
  },
  {
    "platform" : "LINUX_X86_64",
    "searchTime" : "2022-07-16T13:20:03.501Z[UTC]",
    "searchQuery" : "what is l",
    "searchInteractionURIs" : [
    ]
  },
  {
    "platform" : "LINUX_X86_64",
    "searchTime" : "2022-07-18T07:28:23.165Z[UTC]",
    "searchQuery" : "wo",
    "searchInteractionURIs" : [
    ]
  },
  {
    "platform" : "LINUX_X86_64",
    "searchTime" : "2022-07-18T07:28:23.667Z[UTC]",
    "searchQuery" : "work",
    "searchInteractionURIs" : [
    ]
  },
  {
    "platform" : "ANDROID_ARM",
    "searchTime" : "2022-07-18T22:09:27.378Z[UTC]",
    "searchQuery" : "i",
    "searchInteractionURIs" : [
    ]
  },
  {
    "platform" : "ANDROID",
    "searchTime" : "2022-07-18T22:09:30.811Z[UTC]",
    "searchQuery" : "im a b",
    "searchInteractionURIs" : [
      "spotify:track:78qd8dvwea0Gosb6Fe6j3k",
      "spotify:artist:5cj0lLjcoR7YOSnhnX0Po5"
    ]
  },
  {
    "platform" : "ANDROID",
    "searchTime" : "2022-07-19T07:06:34.732Z[UTC]",
    "searchQuery" : "ade",
    "searchInteractionURIs" : [
      "spotify:artist:4dpARuHxo51G3z768sgnrY"
    ]
  },
  {
    "platform" : "LINUX_X86_64",
    "searchTime" : "2022-07-23T09:05:11.910Z[UTC]",
    "searchQuery" : "part",
    "searchInteractionURIs" : [
    ]
  },
  {
    "platform" : "LINUX_X86_64",
    "searchTime" : "2022-07-23T09:05:12.491Z[UTC]",
    "searchQuery" : "party ",
    "searchInteractionURIs" : [
    ]
  },
  {
    "platform" : "LINUX_X86_64",
    "searchTime" : "2022-07-25T17:32:34.267Z[UTC]",
    "searchQuery" : "send",
    "searchInteractionURIs" : [
    ]
  },
  {
    "platform" : "LINUX_X86_64",
    "searchTime" : "2022-07-25T17:32:35.433Z[UTC]",
    "searchQuery" : "send my ",
    "searchInteractionURIs" : [
    ]
  },
  {
    "platform" : "LINUX_X86_64",
    "searchTime" : "2022-07-25T17:44:41.528Z[UTC]",
    "searchQuery" : "stay ",
    "searchInteractionURIs" : [
    ]
  },
  {
    "platform" : "LINUX_X86_64",
    "searchTime" : "2022-07-25T17:48:24.129Z[UTC]",
    "searchQuery" : "b",
    "searchInteractionURIs" : [
    ]
  },
  {
    "platform" : "LINUX_X86_64",
    "searchTime" : "2022-07-25T17:48:24.970Z[UTC]",
    "searchQuery" : "blue",
    "searchInteractionURIs" : [
    ]
  },
  {
    "platform" : "ANDROID",
    "searchTime" : "2022-07-26T06:42:10.014Z[UTC]",
    "searchQuery" : "stay",
    "searchInteractionURIs" : [
      "spotify:track:5HCyWlXZPP0y6Gqq8TgA20",
      "spotify:track:0GNI8K3VATWBABQFAzBAYe",
      "spotify:track:5Nm9ERjJZ5oyfXZTECKmRt"
    ]
  },
  {
    "platform" : "LINUX_X86_64",
    "searchTime" : "2022-07-29T16:18:21.947Z[UTC]",
    "searchQuery" : "sun",
    "searchInteractionURIs" : [
    ]
  },
  {
    "platform" : "LINUX_X86_64",
    "searchTime" : "2022-07-29T16:18:22.026Z[UTC]",
    "searchQuery" : "sun",
    "searchInteractionURIs" : [
    ]
  },
  {
    "platform" : "LINUX_X86_64",
    "searchTime" : "2022-07-29T16:20:37.120Z[UTC]",
    "searchQuery" : "swee",
    "searchInteractionURIs" : [
    ]
  },
  {
    "platform" : "LINUX_X86_64",
    "searchTime" : "2022-07-30T13:02:40.973Z[UTC]",
    "searchQuery" : "betr",
    "searchInteractionURIs" : [
    ]
  },
  {
    "platform" : "LINUX_X86_64",
    "searchTime" : "2022-08-08T10:16:03.196Z[UTC]",
    "searchQuery" : "she",
    "searchInteractionURIs" : [
    ]
  },
  {
    "platform" : "LINUX_X86_64",
    "searchTime" : "2022-08-08T10:16:05.411Z[UTC]",
    "searchQuery" : "she know",
    "searchInteractionURIs" : [
    ]
  },
  {
    "platform" : "LINUX_X86_64",
    "searchTime" : "2022-08-09T07:09:35.828Z[UTC]",
    "searchQuery" : "r",
    "searchInteractionURIs" : [
    ]
  }
]