{
  "tracks": [
    {
      "artist": "Imagine Dragons",
      "album": "Bones",
      "track": "Bones",
      "uri": "spotify:track:0HqZX76SFLDz2aW8aiqi7G"
    },
    {
      "artist": "Linkin Park",
      "album": "Minutes to Midnight",
      "track": "Bleed It Out",
      "uri": "spotify:track:3qmvK8QARSPkFTuKeIXSbs"
    },
    {
      "artist": "FINNEAS",
      "album": "Blood Harmony",
      "track": "Break My Heart Again",
      "uri": "spotify:track:7gGBgh0bVxHPgZjA505bo9"
    },
    {
      "artist": "Pharrell Williams",
      "album": "Freedom",
      "track": "Freedom",
      "uri": "spotify:track:6RB9YvNyP0RZfCUcMtZELH"
    },
    {
      "artist": "SYML",
      "album": "Mr. Sandman",
      "track": "Mr. Sandman",
      "uri": "spotify:track:6sPpUfwcYBgW3kTXStNsVM"
    },
    {
      "artist": "Daft Punk",
      "album": "Get Lucky (feat. Pharrell Williams & Nile Rodgers)",
      "track": "Get Lucky (feat. Pharrell Williams & Nile Rodgers) - Radio Edit",
      "uri": "spotify:track:2Foc5Q5nqNiosCNqttzHof"
    },
    {
      "artist": "Beyoncé",
      "album": "I AM...SASHA FIERCE - Platinum Edition",
      "track": "Halo",
      "uri": "spotify:track:2CvOqDpQIMw69cCzWqr5yr"
    },
    {
      "artist": "SYML",
      "album": "SYML",
      "track": "WDWGILY",
      "uri": "spotify:track:3QoDwpLUxTpbxeTDEptjAI"
    },
    {
      "artist": "Selena Gomez",
      "album": "Rare",
      "track": "Rare",
      "uri": "spotify:track:33iba4j2ywXqTQNEpGbfra"
    },
    {
      "artist": "FINNEAS",
      "album": "Blood Harmony",
      "track": "I Lost a Friend",
      "uri": "spotify:track:7yfGRLpyVn2qiyU9FR86Ww"
    },
    {
      "artist": "Nelly Furtado",
      "album": "Loose",
      "track": "Say It Right",
      "uri": "spotify:track:2aI21FnmY7TJVKeMaoQZ0t"
    },
    {
      "artist": "X Ambassadors",
      "album": "VHS",
      "track": "Renegades",
      "uri": "spotify:track:0fYVliAYKHuPmECRs1pbRf"
    },
    {
      "artist": "Cigarettes After Sex",
      "album": "Cigarettes After Sex",
      "track": "Sweet",
      "uri": "spotify:track:6ilc4vQcwMPlvAHFfsTGng"
    },
    {
      "artist": "Adele",
      "album": "19",
      "track": "Hometown Glory",
      "uri": "spotify:track:3cCPT7eJhpYXXlH2pbWhfP"
    },
    {
      "artist": "Arctic Monkeys",
      "album": "Favourite Worst Nightmare",
      "track": "505",
      "uri": "spotify:track:0BxE4FqsDD1Ot4YuBXwAPp"
    },
    {
      "artist": "5 Seconds of Summer",
      "album": "Youngblood",
      "track": "Youngblood",
      "uri": "spotify:track:2iUXsYOEPhVqEBwsqP70rE"
    },
    {
      "artist": "Logic",
      "album": "Confessions of a Dangerous Mind",
      "track": "Confessions of a Dangerous Mind",
      "uri": "spotify:track:6yIGZp1AaFBoDczu3b4hVU"
    },
    {
      "artist": "Twenty One Pilots",
      "album": "Heathens",
      "track": "Heathens",
      "uri": "spotify:track:6i0V12jOa3mr6uu4WYhUBr"
    },
    {
      "artist": "Eminem",
      "album": "The Eminem Show",
      "track": "When The Music Stops",
      "uri": "spotify:track:73qINA7ccO03wxD8nsJalr"
    },
    {
      "artist": "Tom Waits",
      "album": "Bone Machine",
      "track": "Goin' Out West",
      "uri": "spotify:track:141XsxpUkbj7AkQKT8vySq"
    },
    {
      "artist": "Imagine Dragons",
      "album": "Mercury - Act 1",
      "track": "Follow You",
      "uri": "spotify:track:1RZUlzNWbvCBeoSkapPgVR"
    },
    {
      "artist": "Logic",
      "album": "Confessions of a Dangerous Mind",
      "track": "Homicide (feat. Eminem)",
      "uri": "spotify:track:7M2tXmeS15NAzEn7ABFeBg"
    },
    {
      "artist": "Kendrick Lamar",
      "album": "Mr. Morale & The Big Steppers",
      "track": "Silent Hill",
      "uri": "spotify:track:3lzUeaCbcCDB5IXYfqWRlF"
    },
    {
      "artist": "Radiohead",
      "album": "Pablo Honey",
      "track": "Creep",
      "uri": "spotify:track:70LcF31zb1H0PyJoS1Sx1r"
    },
    {
      "artist": "Eminem",
      "album": "The Eminem Show",
      "track": "Cleanin' Out My Closet",
      "uri": "spotify:track:7BMO7O7ImjV8HNTH74Tshv"
    },
    {
      "artist": "The Neighbourhood",
      "album": "I Love You.",
      "track": "Sweater Weather",
      "uri": "spotify:track:2QjOHCTQ1Jl3zawyYOpxh6"
    },
    {
      "artist": "Cigarettes After Sex",
      "album": "Cigarettes After Sex",
      "track": "Sunsetz",
      "uri": "spotify:track:0SpkyS1Q4MD8GaVcP5YjT4"
    },
    {
      "artist": "KALEO",
      "album": "A/B",
      "track": "Way down We Go",
      "uri": "spotify:track:0y1QJc3SJVPKJ1OvFmFqe6"
    },
    {
      "artist": "Eminem",
      "album": "Killshot",
      "track": "Killshot",
      "uri": "spotify:track:1jo3TwNGCXfNdB5uba3ZVv"
    },
    {
      "artist": "Imagine Dragons",
      "album": "Origins",
      "track": "Natural",
      "uri": "spotify:track:2FY7b99s15jUprqC0M5NCT"
    },
    {
      "artist": "Selena Gomez",
      "album": "Rare",
      "track": "People You Know",
      "uri": "spotify:track:5UqZDGclEuq7g3sgUFad0J"
    },
    {
      "artist": "Logic",
      "album": "Everybody",
      "track": "1-800-273-8255",
      "uri": "spotify:track:5tz69p7tJuGPeMGwNTxYuV"
    },
    {
      "artist": "Lana Del Rey",
      "album": "Born To Die - The Paradise Edition",
      "track": "Dark Paradise",
      "uri": "spotify:track:6qqdFWe7C4LsBjWbXQdsHA"
    },
    {
      "artist": "Kygo",
      "album": "It Ain't Me (with Selena Gomez)",
      "track": "It Ain't Me (with Selena Gomez)",
      "uri": "spotify:track:3eR23VReFzcdmS7TYCrhCe"
    },
    {
      "artist": "Surf Curse",
      "album": "Freaks",
      "track": "Freaks",
      "uri": "spotify:track:7EkWXAI1wn8Ii883ecd9xr"
    },
    {
      "artist": "Pharrell Williams",
      "album": "G I R L",
      "track": "Happy - From \"Despicable Me 2\"",
      "uri": "spotify:track:60nZcImufyMA1MKQY3dcCH"
    },
    {
      "artist": "Güneş",
      "album": "Atlantis",
      "track": "Suçlarımdan Biri",
      "uri": "spotify:track:65tIJClJx8fHo6YW4wVDhi"
    },
    {
      "artist": "Lana Del Rey",
      "album": "Born To Die - The Paradise Edition",
      "track": "Born To Die",
      "uri": "spotify:track:4Ouhoi2lAhrLJKFzUqEzwl"
    },
    {
      "artist": "Johnny Cash",
      "album": "American IV: The Man Comes Around",
      "track": "Hurt",
      "uri": "spotify:track:28cnXtME493VX9NOw9cIUh"
    },
    {
      "artist": "Juice WRLD",
      "album": "Goodbye & Good Riddance",
      "track": "Lucid Dreams",
      "uri": "spotify:track:285pBltuF7vW8TeWk8hdRR"
    },
    {
      "artist": "Katy Perry",
      "album": "PRISM",
      "track": "Dark Horse",
      "uri": "spotify:track:4jbmgIyjGoXjY01XxatOx6"
    },
    {
      "artist": "Calvin Harris",
      "album": "This Is What You Came For",
      "track": "This Is What You Came For",
      "uri": "spotify:track:0azC730Exh71aQlOt9Zj3y"
    },
    {
      "artist": "The National",
      "album": "Trouble Will Find Me",
      "track": "I Need My Girl",
      "uri": "spotify:track:50M7nY1oQuNHecs0ahWAtI"
    },
    {
      "artist": "FINNEAS",
      "album": "Blood Harmony",
      "track": "Let's Fall in Love for the Night",
      "uri": "spotify:track:3n5te2xbUAPjzAnhLgA42z"
    },
    {
      "artist": "Sia",
      "album": "This Is Acting (Deluxe Version)",
      "track": "The Greatest",
      "uri": "spotify:track:6bLopGnirdrilrpdVB6Um1"
    },
    {
      "artist": "Seafret",
      "album": "Tell Me It's Real",
      "track": "Oceans",
      "uri": "spotify:track:5eXnC2B5RU5fAhfwvV2ABD"
    },
    {
      "artist": "Arctic Monkeys",
      "album": "AM",
      "track": "Do I Wanna Know?",
      "uri": "spotify:track:5FVd6KXrgO9B3JPmC8OPst"
    },
    {
      "artist": "Sia",
      "album": "This Is Acting (Deluxe Version)",
      "track": "Alive",
      "uri": "spotify:track:25R5Tdr4K7ENb6umHzdCXn"
    },
    {
      "artist": "Imagine Dragons",
      "album": "Mercury - Act 1",
      "track": "Lonely",
      "uri": "spotify:track:1Za3bmODi0tz9pnlZE58ug"
    },
    {
      "artist": "Tame Impala",
      "album": "Currents",
      "track": "The Less I Know The Better",
      "uri": "spotify:track:6K4t31amVTZDgR3sKmwUJJ"
    },
    {
      "artist": "David Guetta",
      "album": "7",
      "track": "Say My Name",
      "uri": "spotify:track:0YammaEkYSeo9vQYZ1OwS6"
    },
    {
      "artist": "Kendrick Lamar",
      "album": "Mr. Morale & The Big Steppers",
      "track": "N95",
      "uri": "spotify:track:2FeBslNBMdR9V58uv6hd2t"
    },
    {
      "artist": "Labrinth",
      "album": "Euphoria (Original Score from the HBO Series)",
      "track": "When I R.I.P.",
      "uri": "spotify:track:2t16D9V5FmmRAJjsSpwvZf"
    },
    {
      "artist": "Beach House",
      "album": "Teen Dream",
      "track": "Take Care",
      "uri": "spotify:track:2aydv0bsXbIZg3Sk2S6u86"
    },
    {
      "artist": "Lana Del Rey",
      "album": "Born To Die - The Paradise Edition",
      "track": "Blue Jeans",
      "uri": "spotify:track:4RyK6N4IQ85xxLgguQAFH5"
    },
    {
      "artist": "Lana Del Rey",
      "album": "Born To Die - The Paradise Edition",
      "track": "Summertime Sadness",
      "uri": "spotify:track:3BJe4B8zGnqEdQPMvfVjuS"
    }
  ],
  "albums": [
    {
      "artist": "David Guetta",
      "album": "Say My Name (feat. Bebe Rexha & J Balvin)",
      "uri": "spotify:album:5C9LFVpb8eDWqJseIKLfaR"
    },
    {
      "artist": "Selena Gomez",
      "album": "Rare",
      "uri": "spotify:album:5obQ9rPASQW2mLxYM8Ko6Z"
    },
    {
      "artist": "The Weeknd",
      "album": "Beauty Behind The Madness",
      "uri": "spotify:album:0P3oVJBFOv3TDXlYRhGL7s"
    },
    {
      "artist": "Billie Eilish",
      "album": "NDA",
      "uri": "spotify:album:6pFgyYC8zPwVPPS4cbJO29"
    },
    {
      "artist": "Billie Eilish",
      "album": "Happier Than Ever",
      "uri": "spotify:album:0JGOiO34nwfUdDrD612dOp"
    },
    {
      "artist": "Pharrell Williams",
      "album": "Freedom",
      "uri": "spotify:album:3Aw8a13WJi24hkjRRtMp9n"
    }
  ],
  "shows": [
  ],
  "episodes": [
    {
      "name": "Imagine Dragons",
      "show": "2021 Wrapped",
      "uri": "spotify:episode:4kIKrR8hWT4PUxAHPmqygX"
    },
    {
      "name": "Ed Sheeran",
      "show": "2021 Wrapped",
      "uri": "spotify:episode:6tivcx96Pa5Inn9fPvaCOh"
    },
    {
      "name": "Billie Eilish",
      "show": "2021 Wrapped",
      "uri": "spotify:episode:0IHfQwQxI4MOn0Pe18fyQ0"
    },
    {
      "name": "Dax - Still DRE (Remix)",
      "show": "PLUG",
      "uri": "spotify:episode:3fUeCpCzJChSPfNSap0km1"
    }
  ],
  "bannedTracks": [
  ],
  "artists": [
    {
      "name": "Adele",
      "uri": "spotify:artist:4dpARuHxo51G3z768sgnrY"
    },
    {
      "name": "Ariana Grande",
      "uri": "spotify:artist:66CXWjxzNUsdJxJ2JdwvnR"
    },
    {
      "name": "Ava Max",
      "uri": "spotify:artist:4npEfmQ6YuiwW1GpUmaq3F"
    },
    {
      "name": "Avicii",
      "uri": "spotify:artist:1vCWHaC5f2uS3yhpwWbIA6"
    },
    {
      "name": "Bebe Rexha",
      "uri": "spotify:artist:64M6ah0SkkRsnPGtGiRAbb"
    },
    {
      "name": "Billie Eilish",
      "uri": "spotify:artist:6qqNVTkY8uBg9cP3Jd7DAH"
    },
    {
      "name": "Camila Cabello",
      "uri": "spotify:artist:4nDoRrQiYLoBzwC5BhVJzF"
    },
    {
      "name": "Charlie Puth",
      "uri": "spotify:artist:6VuMaDnrHyPL1p4EHjYLi7"
    },
    {
      "name": "Cigarettes After Sex",
      "uri": "spotify:artist:1QAJqy2dA3ihHBFIHRphZj"
    },
    {
      "name": "Coldplay",
      "uri": "spotify:artist:4gzpq5DPGxSnKTe4SA8HAU"
    },
    {
      "name": "Daft Punk",
      "uri": "spotify:artist:4tZwfgrHOc3mvqYlEYSvVi"
    },
    {
      "name": "Dr. Dre",
      "uri": "spotify:artist:6DPYiyq5kWVQS4RGwxzPC7"
    },
    {
      "name": "Drake",
      "uri": "spotify:artist:3TVXtAsR1Inumwj472S9r4"
    },
    {
      "name": "Dua Lipa",
      "uri": "spotify:artist:6M2wZ9GZgrQXHCFfjv46we"
    },
    {
      "name": "Duman",
      "uri": "spotify:artist:6RTC1abMgBC7Krg6qJQHJh"
    },
    {
      "name": "Ed Sheeran",
      "uri": "spotify:artist:6eUKZXaKkcviH0Ku9w2n3V"
    },
    {
      "name": "Eivør",
      "uri": "spotify:artist:2dB4ya2W1Gvng8gjWSPu2H"
    },
    {
      "name": "Eminem",
      "uri": "spotify:artist:7dGJo4pcD2V6oG8kP0tJRR"
    },
    {
      "name": "Fatma Turgut",
      "uri": "spotify:artist:1dsKaRPU3HFSdlNyMmH5QI"
    },
    {
      "name": "Gripin",
      "uri": "spotify:artist:3Z814BstLaKbLqKHXsht8O"
    },
    {
      "name": "Güneş",
      "uri": "spotify:artist:0L3wrFI3QcbXAvFL7IaPQX"
    },
    {
      "name": "Ice Cube",
      "uri": "spotify:artist:3Mcii5XWf6E0lrY3Uky4cA"
    },
    {
      "name": "Imagine Dragons",
      "uri": "spotify:artist:53XhwfbYqKCa1cC15pYq2q"
    },
    {
      "name": "J. Cole",
      "uri": "spotify:artist:6l3HvQ5sa6mXTsMTB19rO5"
    },
    {
      "name": "Johnny Cash",
      "uri": "spotify:artist:6kACVPfCOnqzgfEF5ryl0x"
    },
    {
      "name": "Kendrick Lamar",
      "uri": "spotify:artist:2YZyLoL8N0Wb9xBt1NhZWg"
    },
    {
      "name": "Kygo",
      "uri": "spotify:artist:23fqKkggKUBHNkbKtXEls4"
    },
    {
      "name": "Lana Del Rey",
      "uri": "spotify:artist:00FQb4jTyendYWaN8pK0wa"
    },
    {
      "name": "Linkin Park",
      "uri": "spotify:artist:6XyY86QOPPrYVGvF9ch6wz"
    },
    {
      "name": "Logic",
      "uri": "spotify:artist:4xRYI6VqpkE3UwrDrAZL8L"
    },
    {
      "name": "Marshmello",
      "uri": "spotify:artist:64KEffDW9EtZ1y2vBYgq8T"
    },
    {
      "name": "Nicki Minaj",
      "uri": "spotify:artist:0hCNtLu0JehylgoiP8L4Gh"
    },
    {
      "name": "OneRepublic",
      "uri": "spotify:artist:5Pwc4xIPtQLFEnJriah9YJ"
    },
    {
      "name": "Pharrell Williams",
      "uri": "spotify:artist:2RdwBSPQiwcmiDo9kixcl8"
    },
    {
      "name": "Post Malone",
      "uri": "spotify:artist:246dkjvS1zLTtiykXe5h60"
    },
    {
      "name": "SYML",
      "uri": "spotify:artist:6AyATGg7mDgBlZ4N5uNog0"
    },
    {
      "name": "Selena Gomez",
      "uri": "spotify:artist:0C8ZW7ezQVs4URX5aX7Kqx"
    },
    {
      "name": "The Weeknd",
      "uri": "spotify:artist:1Xyo4u8uXC1ZmMpatF05PJ"
    },
    {
      "name": "Tom Waits",
      "uri": "spotify:artist:7x83XhcMbOTl1UdYsPTuZM"
    },
    {
      "name": "Wet Leg",
      "uri": "spotify:artist:2TwOrUcYnAlIiKmVQkkoSZ"
    },
    {
      "name": "X Ambassadors",
      "uri": "spotify:artist:3NPpFNZtSTHheNBaWC82rB"
    },
    {
      "name": "alt-J",
      "uri": "spotify:artist:3XHO7cRUPCLOr6jwp8vsx5"
    }
  ],
  "bannedArtists": [
  ],
  "other": [
  ]
}